UserId,Email,PasswordHash,UserType,FirstName,LastName
rphilot0,rphilot0@sciencedaily.com,YDIJlpK8,0,Rosy,Philot
flongson1,flongson1@independent.co.uk,V21sPFb,0,Fern,Longson
focollopy2,focollopy2@linkedin.com,62sd9HwOKUC,0,Fayette,O'Collopy
apiniur3,apiniur3@narod.ru,uNscG8,0,Alane,Piniur
sisard4,sisard4@dmoz.org,Pg3XQjbi,0,Sholom,Isard
ckeepe5,ckeepe5@histats.com,JrmQ6tqVAd,0,Cinda,Keepe
tbateup6,tbateup6@ca.gov,utWQgr2,0,Tiphani,Bateup
bbarwise7,bbarwise7@archive.org,gsYDIDeGZu06,0,Biddy,Barwise
wkaasmann8,wkaasmann8@cargocollective.com,pMYkqsij4pIq,0,Wolf,Kaasmann
ttroctor9,ttroctor9@accuweather.com,ZIkvsQC1lG,0,Twila,Troctor
ecornillota,ecornillota@vinaora.com,xkxCm6c,0,Emanuel,Cornillot
mpoletb,mpoletb@wikia.com,M27eSpJJ,1,Marena,Polet
dallinghamc,dallinghamc@intel.com,KmyTl9aNZM,1,Dieter,Allingham
eashenhurstd,eashenhurstd@ucsd.edu,MTVRmL,1,Elianore,Ashenhurst
lkixe,lkixe@accuweather.com,oRYT3286PP,1,Lorenzo,Kix
ashillittof,ashillittof@ifeng.com,DpGIEu1,1,Audi,Shillitto
jminichillog,jminichillog@drupal.org,nlJbqr,1,Julianna,Minichillo
iservanteh,iservanteh@yellowpages.com,Lr3FYYDZzd,1,Ilise,Servante
mmcallani,mmcallani@vimeo.com,VPPkGkDNzI6,1,Mata,McAllan
kyakutinj,kyakutinj@auda.org.au,L2iIbPKgj,1,Katleen,Yakutin
mmackibbonk,mmackibbonk@sbwire.com,Ll9ca7Q,1,Maure,MacKibbon
scobleyl,scobleyl@howstuffworks.com,N7jUmTvMbrrN,1,Sebastiano,Cobley
lpourvoieurm,lpourvoieurm@bigcartel.com,GRrIoGWBiW,1,Loren,Pourvoieur
sbookern,sbookern@shop-pro.jp,NaB94V,1,Silvano,Booker
elyddiardo,elyddiardo@ed.gov,OJBGgDf,1,Elwyn,Lyddiard
fgreenlyp,fgreenlyp@ovh.net,mT79TbVh7Lj,1,Ferdinanda,Greenly
broncaq,broncaq@ed.gov,lIQc11m,1,Brandea,Ronca
vmalamorer,vmalamorer@symantec.com,xqJ0JCc,1,Vernor,Malamore
ccubbits,ccubbits@webmd.com,8ZfN9wu,1,Chastity,Cubbit
hbrinicombet,hbrinicombet@ovh.net,85LEv6O,1,Helli,Brinicombe
akennyu,akennyu@nih.gov,ju1DQkZiN6,1,Ange,Kenny
nsabyv,nsabyv@issuu.com,AG9USq0h3zx,1,Nicolai,Saby
atansillw,atansillw@dagondesign.com,GjSUvDaBXDS,1,Alice,Tansill
achatinx,achatinx@sogou.com,yv300G,1,Ailsun,Chatin
rvotiery,rvotiery@baidu.com,9gJ5EaT9,1,Raynell,Votier
lmcdyerz,lmcdyerz@google.com.br,LNIOME9C,1,Leopold,McDyer
ncalafate10,ncalafate10@goo.ne.jp,qBLHBB,1,Nola,Calafate
aroon11,aroon11@about.me,HWuE3JcOp,1,Armin,Roon
kmilkeham12,kmilkeham12@tripadvisor.com,q3Y2Hn2S,1,Kylie,Milkeham
agillivrie13,agillivrie13@time.com,1cRlI5KdzE,1,Abby,Gillivrie
acroix14,acroix14@slate.com,SeOwSY,1,Alfi,Croix
cplace15,cplace15@eventbrite.com,ZeVIzAZ,1,Celinka,Place
mtretter16,mtretter16@moonfruit.com,vWNrg7LR,1,Malvin,Tretter
jrisman17,jrisman17@aboutads.info,nTM4NS,1,Joey,Risman
jkeay18,jkeay18@newyorker.com,jSmgKJORZpw,1,Jehanna,Keay
chalbard19,chalbard19@vkontakte.ru,JozFIvPwKdhY,1,Cele,Halbard
afewings1a,afewings1a@unc.edu,hmzqoTDzcqEi,1,Antonina,Fewings
jpringour1b,jpringour1b@engadget.com,NSDiu6FWg,1,Justinian,Pringour
swhite1c,swhite1c@linkedin.com,odaTh3aYZ,1,Sydney,White
dleason1d,dleason1d@washingtonpost.com,G4d2T0TtzmxV,1,Dorice,Leason
aanlay1e,aanlay1e@instagram.com,yVKaJfZ2Lja,1,Amandie,Anlay
pgallemore1f,pgallemore1f@feedburner.com,offUI49,1,Pamela,Gallemore
bknutsen1g,bknutsen1g@xing.com,CFgdL2o9,1,Bess,Knutsen
astorer1h,astorer1h@geocities.jp,Z1Csk8,1,Andra,Storer
jsecombe1i,jsecombe1i@delicious.com,q2HVYxMwq,1,Jesse,Secombe
vsommerland1j,vsommerland1j@sbwire.com,8KqL9A,1,Viviene,Sommerland
tsowrey1k,tsowrey1k@wunderground.com,ZNyKAl,1,Tootsie,Sowrey
dparmeter1l,dparmeter1l@yellowpages.com,IzhQmbLIWfw,1,Darrell,Parmeter
meuels1m,meuels1m@ebay.com,Z5dcKLl5rw,1,Myriam,Euels
sbrazear1n,sbrazear1n@youtube.com,2PTZzVa,1,Stephenie,Brazear
ptomaselli1o,ptomaselli1o@mac.com,3NJCwGh8f3,1,Prentiss,Tomaselli
fsellar1p,fsellar1p@hhs.gov,2900ZHx5zN,1,Fredia,Sellar
mewins1q,mewins1q@addthis.com,kTn3Ncn,1,Margaret,Ewins
clouiset1r,clouiset1r@timesonline.co.uk,4f2Av3Nz,1,Carlita,Louiset
cscarffe1s,cscarffe1s@blogs.com,eifWjsALZ,1,Constancia,Scarffe
mdelmage1t,mdelmage1t@webnode.com,DV6I7v,1,Mac,Delmage
sinsall1u,sinsall1u@census.gov,ptuXnBBw,1,Sig,Insall
wfortie1v,wfortie1v@wordpress.org,buU2q8TCJ,1,Wilburt,Fortie
bgilardoni1w,bgilardoni1w@eventbrite.com,VrZOH7,1,Brittni,Gilardoni
dhuish1x,dhuish1x@delicious.com,sAQU6ZGAq5,1,Del,Huish
mblesing1y,mblesing1y@ftc.gov,5aJ6zN,1,Melina,Blesing
wdobrovolski1z,wdobrovolski1z@businessinsider.com,Zj2nRLX3,1,Webster,Dobrovolski
qeggins20,qeggins20@disqus.com,lJddDvZq,1,Quillan,Eggins
tchicchetto21,tchicchetto21@craigslist.org,tyDl6N,1,Tull,Chicchetto
rlionel22,rlionel22@163.com,UBsmY5Fy,1,Rafi,Lionel
cedsell23,cedsell23@desdev.cn,heHtan59uKfY,1,Cordey,Edsell
pcorcut24,pcorcut24@hexun.com,cUJAIQm,1,Prince,Corcut
cberthel25,cberthel25@godaddy.com,XmzSwg44f,1,Cati,Berthel
mwoollends26,mwoollends26@hostgator.com,T9pspL,1,Melinda,Woollends
pfairbridge27,pfairbridge27@msu.edu,ukTPr0i,1,Penrod,Fairbridge
hfitzsimons28,hfitzsimons28@chicagotribune.com,VxgNrXGDU,1,Hamilton,Fitzsimons
rgreenmon29,rgreenmon29@geocities.jp,IOEufO,1,Rip,Greenmon
twarton2a,twarton2a@google.fr,Fpkyi43iRyL,1,Tasha,Warton
thasson2b,thasson2b@timesonline.co.uk,YXMd1y,1,Thia,Hasson
gweatherdon2c,gweatherdon2c@g.co,CRYsk53qnwD,1,Gilly,Weatherdon
cmccandless2d,cmccandless2d@omniture.com,nwFnMpeBHJHs,1,Corby,McCandless
jshoubridge2e,jshoubridge2e@phoca.cz,vyfVe6,1,Julia,Shoubridge
qcollete2f,qcollete2f@ox.ac.uk,BniFZ5W1,1,Quint,Collete
lkettlestring2g,lkettlestring2g@constantcontact.com,9rxIfL1kfT6,1,Lesly,Kettlestring
farndell2h,farndell2h@flickr.com,2cRqUXFnSgvf,1,Floria,Arndell
cmeneghi2i,cmeneghi2i@omniture.com,2deA1miGa,1,Claire,Meneghi
smcimmie2j,smcimmie2j@mapy.cz,WkekilAfyw,1,Stace,Mcimmie
spatshull2k,spatshull2k@aboutads.info,PvK7L6Z,1,Sinclare,Patshull
nwilkisson2l,nwilkisson2l@europa.eu,0sqeR3fAM2ln,1,Noah,Wilkisson
pcardenas2m,pcardenas2m@topsy.com,aDaCuK6,1,Pembroke,Cardenas
mstudd2n,mstudd2n@over-blog.com,yNBEzd,1,Martelle,Studd
lronchi2o,lronchi2o@printfriendly.com,TjdibW2OK,1,Locke,Ronchi
chuzzay2p,chuzzay2p@adobe.com,TqBhmHPZ1,1,Cleve,Huzzay
mclendening2q,mclendening2q@go.com,JKDQFu,1,Man,Clendening
cwilliamson2r,cwilliamson2r@symantec.com,YCxTg2,1,Catherin,Williamson
freinert2s,freinert2s@google.cn,1vdnOABV6S,1,Forrester,Reinert
odebold2t,odebold2t@yahoo.co.jp,ifvDmT3I21z,1,Olly,Debold
layer2u,layer2u@amazonaws.com,aadWcl,1,Lindsy,Ayer
adutchburn2v,adutchburn2v@multiply.com,27DkBgQj4r,1,Arabelle,Dutchburn
mjohnstone2w,mjohnstone2w@harvard.edu,VQxRfC,1,Marietta,Johnstone
ijose2x,ijose2x@ucsd.edu,dm5hPc,1,Isadora,Jose
fpierson2y,fpierson2y@paypal.com,3sqDvw5,1,Frederico,Pierson
erosenkrantz2z,erosenkrantz2z@miitbeian.gov.cn,4Z3D6k,1,Eustacia,Rosenkrantz
mwestnedge30,mwestnedge30@youtube.com,VgNKao,1,Marissa,Westnedge
fmctague31,fmctague31@newyorker.com,Xu9VHihzvD,1,Francine,McTague
lbeaushaw32,lbeaushaw32@toplist.cz,GM2yVgnlJhov,1,Loralie,Beaushaw
cnewtown33,cnewtown33@t-online.de,0XKoFZGk8rz,1,Coreen,Newtown
rrait34,rrait34@shareasale.com,ru75cJAV,1,Rosalinda,Rait
lmahood35,lmahood35@ycombinator.com,V5TTZYa,1,Lurleen,Mahood
efisbey36,efisbey36@zdnet.com,8Ee7Y9OD9,1,Eleni,Fisbey
dpawden37,dpawden37@1688.com,HSpW0iDdHF,1,Donna,Pawden
omillwall38,omillwall38@studiopress.com,zymtmq74q0,1,Ole,Millwall
wchanson39,wchanson39@geocities.jp,4T24T0ln,1,Winona,Chanson
jthurlborn3a,jthurlborn3a@adobe.com,n8hivbp6IAU7,1,Joscelin,Thurlborn
bconyard3b,bconyard3b@usa.gov,vGRErW6,1,Brien,Conyard
